model,strategy,intrinsic_ratio,alternating,seed,status,best_test_acc,final_test_acc,elapsed_seconds,intrinsic_delta,synaptic_delta,max_inactive_change,run_dir
bio_neuron,E0,0.1,5:1,0,complete,0.179,0.179,0.8874620999995386,0.012021064758300781,0.012027978897094727,,experiments\intrinsic_training\results_phase1_sanity\bio_neuron\bio_neuron__E0_joint__seed0__ep1__n512
bio_neuron,E1,0.1,5:1,0,complete,0.1794,0.1794,0.9750274999969406,0.0012023448944091797,0.012033998966217041,,experiments\intrinsic_training\results_phase1_sanity\bio_neuron\bio_neuron__E1_r0.1__seed0__ep1__n512
bio_neuron,E2,0.1,5:1,0,complete,0.1797,0.1797,0.8806343000032939,0.0,0.012034058570861816,0.0,experiments\intrinsic_training\results_phase1_sanity\bio_neuron\bio_neuron__E2_a5_1__seed0__ep1__n512
directional_rect_v4,E0,0.1,5:1,0,complete,0.1438,0.1438,0.9854247000039322,0.012007176876068115,0.01193052064627409,,experiments\intrinsic_training\results_phase1_sanity\directional_rect_v4\directional_rect_v4__E0_joint__seed0__ep1__n512
directional_rect_v4,E1,0.1,5:1,0,complete,0.1433,0.1433,0.9933745000016643,0.0012010037899017334,0.011930705048143864,,experiments\intrinsic_training\results_phase1_sanity\directional_rect_v4\directional_rect_v4__E1_r0.1__seed0__ep1__n512
directional_rect_v4,E2,0.1,5:1,0,complete,0.1429,0.1429,0.9631720999896061,0.0,0.011930699460208416,0.0,experiments\intrinsic_training\results_phase1_sanity\directional_rect_v4\directional_rect_v4__E2_a5_1__seed0__ep1__n512
discrete_nf_v3,E0,0.1,5:1,0,complete,0.1016,0.1016,1.4061942999978783,0.00399819016456604,0.004007607698440552,,experiments\intrinsic_training\results_phase1_sanity\discrete_nf_v3\discrete_nf_v3__E0_joint__seed0__ep1__n512
discrete_nf_v3,E1,0.1,5:1,0,complete,0.1014,0.1014,1.3634830999944825,0.0003998279571533203,0.004007592797279358,,experiments\intrinsic_training\results_phase1_sanity\discrete_nf_v3\discrete_nf_v3__E1_r0.1__seed0__ep1__n512
discrete_nf_v3,E2,0.1,5:1,0,complete,0.1013,0.1013,1.371619900004589,0.0,0.004007592797279358,0.0,experiments\intrinsic_training\results_phase1_sanity\discrete_nf_v3\discrete_nf_v3__E2_a5_1__seed0__ep1__n512
dynamic_nf,E0,0.1,5:1,0,complete,0.4369,0.4369,0.9112711000052514,0.010058879852294922,0.012027695775032043,,experiments\intrinsic_training\results_phase1_sanity\dynamic_nf\dynamic_nf__E0_joint__seed0__ep1__n512
dynamic_nf,E1,0.1,5:1,0,complete,0.4403,0.4403,0.9484240000019781,0.0010061264038085938,0.012027869001030922,,experiments\intrinsic_training\results_phase1_sanity\dynamic_nf\dynamic_nf__E1_r0.1__seed0__ep1__n512
dynamic_nf,E2,0.1,5:1,0,complete,0.4403,0.4403,0.9391231000045082,0.0,0.012027831748127937,0.0,experiments\intrinsic_training\results_phase1_sanity\dynamic_nf\dynamic_nf__E2_a5_1__seed0__ep1__n512
hierarchical_nf,E0,0.1,5:1,0,complete,0.693,0.693,1.001367200005916,0.009877443313598633,0.012030977755784988,,experiments\intrinsic_training\results_phase1_sanity\hierarchical_nf\hierarchical_nf__E0_joint__seed0__ep1__n512
hierarchical_nf,E1,0.1,5:1,0,complete,0.6956,0.6956,0.9922184000024572,0.00101470947265625,0.01203237846493721,,experiments\intrinsic_training\results_phase1_sanity\hierarchical_nf\hierarchical_nf__E1_r0.1__seed0__ep1__n512
hierarchical_nf,E2,0.1,5:1,0,complete,0.695,0.695,1.0148767000064254,0.0,0.012032140046358109,0.0,experiments\intrinsic_training\results_phase1_sanity\hierarchical_nf\hierarchical_nf__E2_a5_1__seed0__ep1__n512
local_electrical_v1,E0,0.1,5:1,0,complete,0.5537,0.5537,1.5622850999934599,0.012026786804199219,0.012031098827719688,,experiments\intrinsic_training\results_phase1_sanity\local_electrical_v1\local_electrical_v1__E0_joint__seed0__ep1__n512
local_electrical_v1,E1,0.1,5:1,0,complete,0.5538,0.5538,1.5749196999968262,0.001202702522277832,0.01203349232673645,,experiments\intrinsic_training\results_phase1_sanity\local_electrical_v1\local_electrical_v1__E1_r0.1__seed0__ep1__n512
local_electrical_v1,E2,0.1,5:1,0,complete,0.5536,0.5536,1.6362026999995578,0.0,0.012033339589834213,0.0,experiments\intrinsic_training\results_phase1_sanity\local_electrical_v1\local_electrical_v1__E2_a5_1__seed0__ep1__n512
local_electrical_v2,E0,0.1,5:1,0,complete,0.236,0.236,1.5808492999931332,0.011829614639282227,0.012030050158500671,,experiments\intrinsic_training\results_phase1_sanity\local_electrical_v2\local_electrical_v2__E0_joint__seed0__ep1__n512
local_electrical_v2,E1,0.1,5:1,0,complete,0.2374,0.2374,1.5319533000001684,0.0011820793151855469,0.012030724436044693,,experiments\intrinsic_training\results_phase1_sanity\local_electrical_v2\local_electrical_v2__E1_r0.1__seed0__ep1__n512
local_electrical_v2,E2,0.1,5:1,0,complete,0.2371,0.2371,1.5615009000030113,0.0,0.012030738405883312,0.0,experiments\intrinsic_training\results_phase1_sanity\local_electrical_v2\local_electrical_v2__E2_a5_1__seed0__ep1__n512
local_electrical_v3,E0,0.1,5:1,0,complete,0.5295,0.5295,1.5822907999972813,0.012021064758300781,0.012031573802232742,,experiments\intrinsic_training\results_phase1_sanity\local_electrical_v3\local_electrical_v3__E0_joint__seed0__ep1__n512
local_electrical_v3,E1,0.1,5:1,0,complete,0.5294,0.5294,1.6209421000094153,0.0012021064758300781,0.01203158125281334,,experiments\intrinsic_training\results_phase1_sanity\local_electrical_v3\local_electrical_v3__E1_r0.1__seed0__ep1__n512
local_electrical_v3,E2,0.1,5:1,0,complete,0.5294,0.5294,1.559811200000695,0.0,0.012031571939587593,0.0,experiments\intrinsic_training\results_phase1_sanity\local_electrical_v3\local_electrical_v3__E2_a5_1__seed0__ep1__n512
minimal_local_nf,E0,0.1,5:1,0,complete,0.3767,0.3767,1.4933499000035226,0.0010889768600463867,0.0012034913524985313,,experiments\intrinsic_training\results_phase1_sanity\minimal_local_nf\minimal_local_nf__E0_joint__seed0__ep1__n512
minimal_local_nf,E1,0.1,5:1,0,complete,0.3767,0.3767,1.4849495999951614,0.00010895729064941406,0.0012034913524985313,,experiments\intrinsic_training\results_phase1_sanity\minimal_local_nf\minimal_local_nf__E1_r0.1__seed0__ep1__n512
minimal_local_nf,E2,0.1,5:1,0,complete,0.3767,0.3767,1.4797002999985125,0.0,0.0012034918181598186,0.0,experiments\intrinsic_training\results_phase1_sanity\minimal_local_nf\minimal_local_nf__E2_a5_1__seed0__ep1__n512
