epoch,parameter,representation,mean,std,min,max
0,bio.branch_bias,raw,0.0,0.0,0.0,0.0
0,bio.branch_bias,effective,0.0,0.0,0.0,0.0
0,bio.branch_gain_raw,raw,0.0,0.0,0.0,0.0
0,bio.branch_gain_raw,effective,0.6931471824645996,0.0,0.6931471824645996,0.6931471824645996
0,bio.soma_gain_raw,raw,0.0,0.0,0.0,0.0
0,bio.soma_gain_raw,effective,0.6931471824645996,0.0,0.6931471824645996,0.6931471824645996
0,bio.theta_raw,raw,-0.4327521324157715,0.0,-0.4327521324157715,-0.4327521324157715
0,bio.theta_raw,effective,0.4999999701976776,0.0,0.4999999701976776,0.4999999701976776
0,bio.adaptation_raw,raw,-2.2521684169769287,0.0,-2.2521684169769287,-2.2521684169769287
0,bio.adaptation_raw,effective,0.10000000149011612,0.0,0.10000000149011612,0.10000000149011612
1,bio.branch_bias,raw,0.001049429876729846,0.007039663847535849,-0.01183517649769783,0.011907431297004223
1,bio.branch_bias,effective,0.001049429876729846,0.007039663847535849,-0.01183517649769783,0.011907431297004223
1,bio.branch_gain_raw,raw,0.0006301096873357892,0.007167788688093424,-0.011734106577932835,0.011790508404374123
1,bio.branch_gain_raw,effective,0.6934686899185181,0.0035847346298396587,0.6872973442077637,0.699059784412384
1,bio.soma_gain_raw,raw,0.001868814928457141,0.006709058303385973,-0.011144628748297691,0.01176570262759924
1,bio.soma_gain_raw,effective,0.6940876245498657,0.0033564672339707613,0.6875903606414795,0.6990472674369812
1,bio.theta_raw,raw,-0.43374103307724,0.007310868240892887,-0.44448521733283997,-0.42098283767700195
1,bio.theta_raw,effective,0.49961739778518677,0.0028753988444805145,0.4953997731208801,0.504647433757782
1,bio.adaptation_raw,raw,-2.2405333518981934,0.0003419661079533398,-2.2415897846221924,-2.240147352218628
1,bio.adaptation_raw,effective,0.10111308842897415,3.287908111815341e-05,0.10101152956485748,0.10115019977092743
